subject_folder,image_file_name,face_grid_x,face_grid_y,face_grid_w,face_grid_h,label_x,label_y
"00006","00000",8,9,12,12,1.93875,-5.5845
"00006","00001",8,9,12,12,1.93875,-5.5845
"00006","00002",9,9,12,12,1.93875,-5.5845
"00006","00003",9,9,12,12,1.93875,-5.5845
"00006","00004",9,9,12,12,1.59994,-5.32319
"00006","00005",9,9,12,12,1.59994,-5.32319
"00006","00006",9,9,12,12,1.59994,-5.32319
"00006","00007",9,9,12,12,1.59994,-5.32319
"00006","00008",9,9,12,12,1.59994,-5.32319
"00006","00009",9,9,12,12,-0.0859,-4.44472
"00006","00010",9,9,12,12,-0.0859,-4.44472
"00006","00011",9,9,12,12,-0.0859,-4.44472
"00006","00012",9,9,12,12,-0.0859,-4.44472
"00006","00013",9,9,12,12,-0.0859,-4.44472
"00006","00014",8,9,12,12,1.93875,-1.70155
"00006","00015",8,9,12,12,1.93875,-1.70155
"00006","00016",8,9,12,12,1.93875,-1.70155
"00006","00017",8,9,12,12,1.93875,-1.70155
"00006","00018",8,9,12,12,1.93875,-1.70155
"00006","00019",9,9,12,12,-1.25969,-6.25155
"00006","00020",9,9,12,12,-1.25969,-6.25155
"00006","00021",9,9,12,12,-1.25969,-6.25155
"00006","00022",9,9,12,12,-1.25969,-6.25155
"00006","00023",9,9,12,12,-1.25969,-6.25155
"00006","00024",9,9,12,12,-1.22173,-4.32211
"00006","00025",9,9,12,12,-1.22173,-4.32211
"00006","00026",9,9,12,12,-1.22173,-4.32211
"00006","00027",9,9,12,12,-1.22173,-4.32211
"00006","00028",9,9,12,12,-1.22173,-4.32211
"00006","00029",9,9,12,12,-0.36234,-8.14803
"00006","00030",9,9,12,12,-0.36234,-8.14803
"00006","00031",9,9,12,12,-0.36234,-8.14803
"00006","00032",9,9,12,12,-0.36234,-8.14803
"00006","00033",8,9,12,12,0.96938,-3.64302
"00006","00034",8,9,12,12,0.96938,-3.64302
"00006","00035",8,9,12,12,0.96938,-3.64302
"00006","00036",8,9,12,12,0.96938,-3.64302
"00006","00037",13,5,13,13,-2.38797,0.63716
"00006","00038",13,5,13,13,-2.38797,0.63716
"00006","00039",13,5,13,13,-2.38797,0.63716
"00006","00040",13,5,13,13,-2.38797,0.63716
"00006","00041",13,5,13,13,-8.46032,-1.185
"00006","00042",13,5,13,13,-8.46032,-1.185
"00006","00043",13,5,13,13,-8.46032,-1.185
"00006","00044",13,5,13,13,-8.46032,-1.185
"00006","00045",13,5,13,13,-8.46032,-1.185
"00006","00046",12,5,13,13,-8.06108,-1.37153
"00006","00047",12,6,13,13,-8.06108,-1.37153
"00006","00048",12,6,13,13,-8.06108,-1.37153
"00006","00049",12,6,13,13,-1.78935,0.87356
"00006","00050",12,6,13,13,-1.78935,0.87356
"00006","00051",12,6,13,13,-1.78935,0.87356
"00006","00052",12,6,13,13,-1.78935,0.87356
"00006","00053",12,5,13,13,-6.94284,-0.89465
"00006","00054",12,5,13,13,-6.94284,-0.89465
"00006","00055",12,5,13,13,-6.94284,-0.89465
"00006","00056",12,5,13,13,-6.94284,-0.89465
"00006","00057",12,5,13,13,-6.94284,-0.89465
"00006","00058",12,5,13,13,-9.46745,0.0
"00006","00059",12,5,13,13,-9.46745,0.0
"00006","00060",12,5,13,13,-9.46745,0.0
"00006","00061",12,5,13,13,-9.46745,0.0
"00006","00062",13,5,13,13,-9.46745,0.0
"00006","00063",13,5,13,13,-1.70155,-1.93875
"00006","00064",12,5,13,13,-1.70155,-1.93875
"00006","00065",12,5,13,13,-1.70155,-1.93875
"00006","00066",12,5,13,13,-1.70155,-1.93875
"00006","00067",13,4,13,13,-1.70155,1.93875
"00006","00068",13,4,13,13,-1.70155,1.93875
"00006","00069",13,4,13,13,-1.70155,1.93875
"00006","00070",13,4,13,13,-1.70155,1.93875
"00006","00071",13,4,13,13,-1.70155,1.93875
"00006","00072",5,4,12,12,1.70155,0.0
"00006","00073",5,4,12,12,1.70155,0.0
"00006","00074",5,4,12,12,1.70155,0.0
"00006","00075",5,4,12,12,1.70155,0.0
"00006","00076",5,5,13,13,7.52598,-0.96938
"00006","00077",5,5,13,13,7.52598,-0.96938
"00006","00078",6,5,13,13,7.52598,-0.96938
"00006","00079",6,5,13,13,7.52598,-0.96938
"00006","00080",6,5,13,13,7.52598,-0.96938
"00006","00081",6,5,12,12,7.71709,0.3043
"00006","00082",6,5,12,12,7.71709,0.3043
"00006","00083",5,5,12,12,7.71709,0.3043
"00006","00084",5,5,12,12,8.84016,-1.45474
"00006","00085",5,5,12,12,8.84016,-1.45474
"00006","00086",5,5,12,12,8.84016,-1.45474
"00006","00087",5,5,12,12,8.84016,-1.45474
"00006","00088",5,5,12,12,8.84016,-1.45474
"00006","00089",6,5,12,12,9.46745,0.0
"00006","00090",6,5,12,12,9.46745,0.0
"00006","00091",6,5,12,12,9.46745,0.0
"00006","00092",6,5,12,12,9.46745,0.0
"00006","00093",6,5,12,12,1.74207,-0.54284
"00006","00094",6,5,12,12,1.74207,-0.54284
"00006","00095",6,5,12,12,1.74207,-0.54284
"00006","00096",6,5,12,12,1.74207,-0.54284
"00006","00097",5,5,12,12,8.44906,-1.09595
"00006","00098",5,5,12,12,8.44906,-1.09595
"00006","00099",5,5,12,12,8.44906,-1.09595
"00006","00100",5,5,12,12,8.44906,-1.09595
"00006","00101",6,5,12,12,5.92326,-1.13561
"00006","00102",6,5,12,12,5.92326,-1.13561
"00006","00103",6,5,12,12,5.92326,-1.13561
"00006","00104",6,5,12,12,5.92326,-1.13561
"00104","00000",6,12,13,13,1.70278,-2.61864
"00104","00001",6,12,13,13,1.70278,-2.61864
"00104","00002",6,12,13,13,1.70278,-2.61864
"00104","00003",6,12,13,13,1.70278,-2.61864
"00104","00004",8,12,12,12,-1.237,-10.58401
"00104","00005",7,13,12,12,-1.237,-10.58401
"00104","00006",7,13,12,12,-1.237,-10.58401
"00104","00007",7,13,12,12,-1.237,-10.58401
"00104","00008",9,11,14,14,2.26645,-7.14104
"00104","00009",9,11,14,14,2.26645,-7.14104
"00104","00010",9,11,14,14,2.26645,-7.14104
"00104","00011",9,11,14,14,2.26645,-7.14104
"00104","00012",7,11,15,15,3.365,-1.42699
"00104","00013",7,10,16,16,3.365,-1.42699
"00104","00014",7,10,16,16,3.365,-1.42699
"00104","00015",7,10,16,16,3.365,-1.42699
"00104","00016",8,10,13,13,-1.237,-6.0055
"00104","00017",8,10,13,13,-1.237,-6.0055
"00104","00018",8,10,13,13,-1.237,-6.0055
"00104","00019",8,10,13,13,-1.237,-6.0055
"00104","00020",8,11,12,12,2.42468,-6.06392
"00104","00021",8,11,12,12,2.42468,-6.06392
"00104","00022",8,11,12,12,2.42468,-6.06392
"00104","00023",8,11,12,12,2.42468,-6.06392
"00104","00024",8,11,12,12,2.42468,-6.06392
"00104","00025",8,9,14,14,-0.45572,-6.78715
"00104","00026",7,8,15,15,-0.45572,-6.78715
"00104","00027",7,8,15,15,-0.45572,-6.78715
"00104","00028",7,8,15,15,-0.45572,-6.78715
"00104","00029",8,10,13,13,0.44539,-3.00011
"00104","00030",8,10,13,13,0.44539,-3.00011
"00104","00031",8,10,13,13,0.44539,-3.00011
"00104","00032",8,10,13,13,0.44539,-3.00011
"00104","00033",9,9,14,14,1.064,-10.58401
"00104","00034",9,9,14,14,1.064,-10.58401
"00104","00035",9,9,14,14,1.064,-10.58401
"00104","00036",9,9,14,14,1.064,-10.58401
"00104","00039",10,9,13,13,1.51246,-8.80574
"00104","00040",9,8,13,13,1.51246,-8.80574
"00104","00041",9,9,14,14,3.365,-10.58401
"00104","00042",9,9,14,14,3.365,-10.58401
"00104","00043",9,9,14,14,3.365,-10.58401
"00104","00044",9,9,14,14,3.365,-10.58401
"00104","00045",9,9,14,14,-1.237,-1.42699
"00104","00046",9,9,14,14,-1.237,-1.42699
"00104","00047",9,9,14,14,-1.237,-1.42699
"00104","00048",9,9,14,14,-1.237,-1.42699
"00104","00049",9,9,14,14,2.46414,-3.93394
"00104","00050",9,9,14,14,2.46414,-3.93394
"00104","00051",9,9,14,14,2.46414,-3.93394
"00104","00052",9,9,14,14,2.46414,-3.93394
"00104","00053",10,9,13,13,-1.18191,-4.35561
"00104","00054",10,9,13,13,-1.18191,-4.35561
"00104","00055",10,9,13,13,-1.18191,-4.35561
"00104","00056",10,9,13,13,-1.18191,-4.35561
"00104","00057",11,9,13,13,0.04476,-6.61108
"00104","00058",11,9,13,13,0.04476,-6.61108
"00104","00059",11,9,13,13,0.04476,-6.61108
"00104","00060",11,9,13,13,0.04476,-6.61108
"00104","00061",8,10,13,13,0.86858,-6.60684
"00104","00062",8,10,13,13,0.86858,-6.60684
"00104","00063",8,10,13,13,0.86858,-6.60684
"00104","00064",8,10,13,13,0.86858,-6.60684
"00104","00065",8,10,13,13,0.86858,-6.60684
"00104","00066",7,11,13,13,2.40571,-4.09591
"00104","00067",7,11,13,13,2.40571,-4.09591
"00104","00068",7,11,13,13,2.40571,-4.09591
"00104","00069",7,11,13,13,2.40571,-4.09591
"00104","00070",7,11,13,13,3.365,-6.0055
"00104","00071",7,11,13,13,3.365,-6.0055
"00104","00072",7,11,13,13,3.365,-6.0055
"00104","00073",7,11,13,13,3.365,-6.0055
"00104","00074",7,11,13,13,1.064,-1.42699
"00104","00075",7,11,13,13,1.064,-1.42699
"00104","00076",7,11,13,13,1.064,-1.42699
"00104","00077",7,11,13,13,1.064,-1.42699
"00104","00078",7,11,13,13,-0.0865,-8.29476
"00104","00079",7,11,13,13,-0.0865,-8.29476
"00104","00080",7,11,13,13,-0.0865,-8.29476
"00104","00081",7,11,13,13,-0.0865,-8.29476
"00104","00082",7,11,13,13,-0.0865,-8.29476
"00104","00083",8,11,15,15,1.064,-6.0055
"00104","00084",8,11,15,15,1.064,-6.0055
"00104","00085",8,11,15,15,1.064,-6.0055
"00104","00086",8,11,15,15,1.064,-6.0055
"00104","00087",7,10,13,13,2.2145,-3.71624
"00104","00088",7,10,13,13,2.2145,-3.71624
"00104","00089",7,10,13,13,2.2145,-3.71624
"00104","00090",7,10,13,13,2.2145,-3.71624
"00104","00091",7,10,13,13,2.2145,-3.71624
"00104","00092",7,10,13,13,-0.0865,-3.71624
"00104","00093",7,10,13,13,-0.0865,-3.71624
"00104","00094",7,10,13,13,-0.0865,-3.71624
"00104","00095",7,10,13,13,-0.0865,-3.71624
"00104","00096",7,10,13,13,2.71507,-6.55727
"00104","00097",7,10,13,13,2.71507,-6.55727
"00104","00098",7,10,13,13,2.71507,-6.55727
"00104","00099",7,10,13,13,2.71507,-6.55727
"00104","00100",7,10,13,13,-0.50071,-4.49737
"00104","00101",7,10,13,13,-0.50071,-4.49737
"00104","00102",7,10,13,13,-0.50071,-4.49737
"00104","00103",7,10,13,13,-0.50071,-4.49737
"00104","00104",7,10,13,13,2.12175,-3.67834
"00104","00105",7,10,13,13,2.12175,-3.67834
"00104","00106",7,10,13,13,2.12175,-3.67834
"00104","00107",7,10,13,13,2.12175,-3.67834
"00104","00108",7,10,13,13,2.12175,-3.67834
"00104","00109",7,9,13,13,-1.1578,-4.06058
"00104","00110",7,9,13,13,-1.1578,-4.06058
"00104","00111",7,9,13,13,-1.1578,-4.06058
"00104","00112",7,9,13,13,-1.1578,-4.06058
"00104","00113",7,9,13,13,0.68004,-5.95398
"00104","00114",7,9,13,13,0.68004,-5.95398
"00104","00115",7,9,13,13,0.68004,-5.95398
"00104","00116",7,9,13,13,0.68004,-5.95398
"00104","00117",7,9,13,13,1.03779,-4.45114
"00104","00118",7,9,13,13,1.03779,-4.45114
"00104","00119",7,9,13,13,1.03779,-4.45114
"00104","00120",7,9,13,13,1.03779,-4.45114
"00104","00121",7,11,11,11,2.2145,-8.29476
"00104","00122",7,11,11,11,2.2145,-8.29476
"00104","00123",7,11,11,11,2.2145,-8.29476
"00104","00124",7,11,11,11,2.2145,-8.29476
"00104","00125",9,11,13,13,2.12175,-3.67834
"00104","00126",8,12,13,13,2.12175,-3.67834
"00104","00127",8,12,13,13,2.12175,-3.67834
"00104","00128",8,12,13,13,2.12175,-3.67834
"00104","00129",8,12,12,12,1.03779,-4.45114
"00104","00130",8,11,12,12,1.03779,-4.45114
"00104","00131",8,11,12,12,1.03779,-4.45114
"00104","00132",8,11,12,12,1.03779,-4.45114
"00104","00133",6,12,13,13,0.86858,-6.60684
"00104","00134",6,12,13,13,0.86858,-6.60684
"00104","00135",6,12,13,13,0.86858,-6.60684
"00104","00136",6,12,13,13,0.86858,-6.60684
"00104","00137",6,12,13,13,1.064,-6.0055
"00104","00138",6,12,13,13,1.064,-6.0055
"00104","00139",6,12,13,13,1.064,-6.0055
"00104","00140",6,12,13,13,1.064,-6.0055
"00104","00141",6,12,13,13,2.46414,-3.93394
"00104","00142",6,12,13,13,2.46414,-3.93394
"00104","00143",6,12,13,13,2.46414,-3.93394
"00104","00144",6,12,13,13,2.46414,-3.93394
"00104","00145",6,12,13,13,2.46414,-3.93394
"00104","00146",6,12,13,13,2.26645,-7.14104
"00104","00147",6,12,13,13,2.26645,-7.14104
"00104","00148",6,12,13,13,2.26645,-7.14104
"00104","00149",6,12,13,13,2.26645,-7.14104
"00104","00150",6,12,13,13,2.26645,-7.14104
"00104","00151",6,12,13,13,2.40571,-4.09591
"00104","00152",6,12,13,13,2.40571,-4.09591
"00104","00153",6,12,13,13,2.40571,-4.09591
"00104","00154",6,12,13,13,2.40571,-4.09591
"00104","00155",6,12,13,13,2.40571,-4.09591
"00104","00156",6,12,13,13,0.04476,-6.61108
"00104","00157",6,12,13,13,0.04476,-6.61108
"00104","00158",6,12,13,13,0.04476,-6.61108
"00104","00159",6,12,13,13,0.04476,-6.61108
"00104","00160",6,12,13,13,-0.45572,-6.78715
"00104","00161",6,12,13,13,-0.45572,-6.78715
"00104","00162",6,12,13,13,-0.45572,-6.78715
"00104","00163",6,12,13,13,-0.45572,-6.78715
"00104","00164",6,12,13,13,-1.237,-10.58401
"00104","00165",6,12,13,13,-1.237,-10.58401
"00104","00166",6,12,13,13,-1.237,-10.58401
"00104","00167",6,12,13,13,-1.237,-10.58401
"00104","00168",6,12,13,13,-1.237,-10.58401
"00104","00169",6,12,13,13,2.42468,-6.06392
"00104","00170",6,12,13,13,2.42468,-6.06392
"00104","00171",6,12,13,13,2.42468,-6.06392
"00104","00172",6,12,13,13,2.42468,-6.06392
"00104","00173",6,12,13,13,2.42468,-6.06392
"00104","00174",6,12,13,13,-0.50071,-4.49737
"00104","00176",6,12,13,13,-0.50071,-4.49737
"00104","00177",6,12,13,13,-0.50071,-4.49737
"00104","00178",6,12,13,13,1.064,-1.42699
"00104","00179",6,12,13,13,1.064,-1.42699
"00104","00180",6,12,13,13,1.064,-1.42699
"00104","00181",6,12,13,13,1.064,-1.42699
"00104","00182",6,12,13,13,-1.237,-1.42699
"00104","00183",6,12,13,13,-1.237,-1.42699
"00104","00184",6,12,13,13,-1.237,-1.42699
"00104","00185",6,12,13,13,-0.0865,-3.71624
"00104","00186",6,12,13,13,-0.0865,-3.71624
"00104","00187",6,12,13,13,-0.0865,-3.71624
"00104","00188",6,12,13,13,-0.0865,-3.71624
"00104","00189",6,12,13,13,-0.0865,-8.29476
"00104","00190",6,12,13,13,-0.0865,-8.29476
"00104","00191",6,12,13,13,-0.0865,-8.29476
"00104","00192",6,12,13,13,-0.0865,-8.29476
"00104","00193",6,12,13,13,-1.18191,-4.35561
"00104","00194",6,12,13,13,-1.18191,-4.35561
"00104","00195",6,12,13,13,-1.18191,-4.35561
"00104","00196",6,12,13,13,-1.18191,-4.35561
"00104","00197",6,12,13,13,1.70278,-2.61864
"00104","00198",6,12,13,13,1.70278,-2.61864
"00104","00199",6,12,13,13,1.70278,-2.61864
"00104","00200",6,12,13,13,1.70278,-2.61864
"00104","00201",6,12,13,13,1.064,-10.58401
"00104","00202",6,12,13,13,1.064,-10.58401
"00104","00203",6,12,13,13,1.064,-10.58401
"00104","00204",6,12,13,13,1.064,-10.58401
"00104","00205",6,12,13,13,1.064,-10.58401
"00104","00206",6,12,13,13,3.365,-6.0055
"00104","00207",6,12,13,13,3.365,-6.0055
"00104","00208",6,12,13,13,3.365,-6.0055
"00104","00209",6,12,13,13,3.365,-6.0055
"00104","00210",6,12,13,13,-1.237,-6.0055
"00104","00211",6,12,13,13,-1.237,-6.0055
"00104","00212",6,12,13,13,-1.237,-6.0055
"00104","00213",6,12,13,13,-1.237,-6.0055
"00104","00214",6,12,13,13,3.365,-10.58401
"00104","00215",6,12,13,13,3.365,-10.58401
"00104","00216",6,12,13,13,3.365,-10.58401
"00104","00217",6,12,13,13,3.365,-10.58401
"00104","00218",6,12,13,13,3.365,-10.58401
"00104","00219",6,12,13,13,1.51246,-8.80574
"00104","00220",6,12,13,13,1.51246,-8.80574
"00104","00221",6,12,13,13,1.51246,-8.80574
"00104","00222",6,12,13,13,1.51246,-8.80574
"00104","00223",6,12,13,13,2.2145,-3.71624
"00104","00224",6,12,13,13,2.2145,-3.71624
"00104","00225",6,12,13,13,2.2145,-3.71624
"00104","00226",6,12,13,13,2.2145,-3.71624
"00104","00227",6,12,13,13,2.2145,-3.71624
"00104","00228",6,12,13,13,2.2145,-8.29476
"00104","00229",6,12,13,13,2.2145,-8.29476
"00104","00230",6,12,13,13,2.2145,-8.29476
"00104","00231",6,12,13,13,2.2145,-8.29476
"00104","00232",6,12,13,13,0.44539,-3.00011
"00104","00233",6,12,13,13,0.44539,-3.00011
"00104","00234",6,12,13,13,0.44539,-3.00011
"00104","00235",6,12,13,13,0.44539,-3.00011
"00104","00236",6,12,13,13,-1.1578,-4.06058
"00104","00237",6,12,13,13,-1.1578,-4.06058
"00104","00238",6,12,13,13,-1.1578,-4.06058
"00104","00239",6,12,13,13,-1.1578,-4.06058
"00104","00240",6,12,13,13,0.68004,-5.95398
"00104","00241",6,12,13,13,0.68004,-5.95398
"00104","00242",6,12,13,13,0.68004,-5.95398
"00104","00243",6,12,13,13,0.68004,-5.95398
"00104","00244",6,12,13,13,2.71507,-6.55727
"00104","00245",6,12,13,13,2.71507,-6.55727
"00104","00246",6,12,13,13,2.71507,-6.55727
"00104","00247",6,12,13,13,2.71507,-6.55727
"00104","00248",6,12,13,13,3.365,-1.42699
"00104","00249",6,12,13,13,3.365,-1.42699
"00104","00250",6,12,13,13,3.365,-1.42699
"00104","00251",6,12,13,13,3.365,-1.42699
"00104","00252",6,12,13,13,2.2145,-3.71624
"00104","00253",6,12,13,13,2.2145,-3.71624
"00104","00254",6,12,13,13,2.2145,-3.71624
"00104","00255",6,12,13,13,2.2145,-3.71624
"00104","00256",6,12,13,13,-1.18191,-4.35561
"00104","00257",6,12,13,13,-1.18191,-4.35561
"00104","00258",6,12,13,13,-1.18191,-4.35561
"00104","00259",6,12,13,13,-1.18191,-4.35561
"00104","00260",6,12,13,13,1.064,-6.0055
"00104","00261",6,12,13,13,1.064,-6.0055
"00104","00262",6,12,13,13,1.064,-6.0055
"00104","00263",6,12,13,13,1.064,-6.0055
"00104","00264",6,12,13,13,1.064,-6.0055
"00104","00265",6,10,15,15,2.40571,-4.09591
"00104","00266",6,10,15,15,2.40571,-4.09591
"00104","00267",6,10,15,15,2.40571,-4.09591
"00104","00268",6,10,15,15,2.40571,-4.09591
"00104","00269",6,10,15,15,0.04476,-6.61108
"00104","00270",6,10,15,15,0.04476,-6.61108
"00104","00271",6,10,15,15,0.04476,-6.61108
"00104","00272",6,10,15,15,0.04476,-6.61108
"00104","00273",6,10,15,15,1.064,-10.58401
"00104","00274",6,10,15,15,1.064,-10.58401
"00104","00275",6,10,15,15,1.064,-10.58401
"00104","00276",6,10,15,15,0.86858,-6.60684
"00104","00277",6,10,15,15,0.86858,-6.60684
"00104","00278",6,10,15,15,0.86858,-6.60684
"00104","00279",6,10,15,15,0.86858,-6.60684
"00104","00280",6,10,15,15,-0.0865,-8.29476
"00104","00281",6,10,15,15,-0.0865,-8.29476
"00104","00282",6,10,15,15,-0.0865,-8.29476
"00104","00283",6,10,15,15,-0.0865,-8.29476
"00104","00284",6,10,15,15,-1.1578,-4.06058
"00104","00285",6,10,15,15,-1.1578,-4.06058
"00104","00286",6,10,15,15,-1.1578,-4.06058
"00104","00287",6,10,15,15,-1.1578,-4.06058
"00104","00288",6,10,15,15,-1.237,-6.0055
"00104","00289",6,10,15,15,-1.237,-6.0055
"00104","00290",6,10,15,15,-1.237,-6.0055
"00104","00291",6,10,15,15,-1.237,-6.0055
"00104","00292",6,10,15,15,2.46414,-3.93394
"00104","00293",6,10,15,15,2.46414,-3.93394
"00104","00294",6,10,15,15,2.46414,-3.93394
"00104","00295",6,10,15,15,2.46414,-3.93394
"00104","00296",6,10,15,15,1.064,-1.42699
"00104","00297",6,10,15,15,1.064,-1.42699
"00104","00298",6,10,15,15,1.064,-1.42699
"00104","00299",6,10,15,15,1.064,-1.42699
"00104","00300",6,10,15,15,1.064,-1.42699
"00104","00301",6,10,15,15,-0.45572,-6.78715
"00104","00302",6,10,15,15,-0.45572,-6.78715
"00104","00303",6,10,15,15,-0.45572,-6.78715
"00104","00304",6,10,15,15,-0.45572,-6.78715
"00104","00305",6,10,15,15,1.03779,-4.45114
"00104","00306",6,10,15,15,1.03779,-4.45114
"00104","00307",6,10,15,15,1.03779,-4.45114
"00104","00308",6,10,15,15,1.03779,-4.45114
"00104","00309",6,10,15,15,-0.50071,-4.49737
"00104","00310",6,10,15,15,-0.50071,-4.49737
"00104","00311",6,10,15,15,-0.50071,-4.49737
"00104","00312",6,10,15,15,-0.50071,-4.49737
"00104","00313",6,10,15,15,2.2145,-8.29476
"00104","00314",6,10,15,15,2.2145,-8.29476
"00104","00315",6,10,15,15,2.2145,-8.29476
"00104","00316",6,10,15,15,2.2145,-8.29476
"00104","00317",6,10,15,15,0.44539,-3.00011
"00104","00318",6,10,15,15,0.44539,-3.00011
"00104","00319",6,10,15,15,0.44539,-3.00011
"00104","00320",6,10,15,15,0.44539,-3.00011
"00104","00321",6,10,15,15,3.365,-10.58401
"00104","00322",6,10,15,15,3.365,-10.58401
"00104","00323",6,10,15,15,3.365,-10.58401
"00104","00324",6,10,15,15,3.365,-10.58401
"00104","00325",6,10,15,15,3.365,-10.58401
"00104","00326",6,10,15,15,1.70278,-2.61864
"00104","00327",6,10,15,15,1.70278,-2.61864
"00104","00328",6,10,15,15,1.70278,-2.61864
"00104","00329",6,10,15,15,1.70278,-2.61864
"00104","00330",6,10,15,15,3.365,-6.0055
"00104","00331",6,10,15,15,3.365,-6.0055
"00104","00332",6,10,15,15,3.365,-6.0055
"00104","00333",6,10,15,15,3.365,-6.0055
"00104","00334",6,10,15,15,0.68004,-5.95398
"00104","00335",6,10,15,15,0.68004,-5.95398
"00104","00336",6,10,15,15,0.68004,-5.95398
"00104","00337",6,10,15,15,0.68004,-5.95398
"00104","00338",6,10,15,15,2.71507,-6.55727
"00104","00339",6,10,15,15,2.71507,-6.55727
"00104","00340",6,10,15,15,2.71507,-6.55727
"00104","00341",6,10,15,15,2.71507,-6.55727
"00104","00342",6,10,15,15,2.71507,-6.55727
"00104","00343",6,10,15,15,1.51246,-8.80574
"00104","00344",6,10,15,15,1.51246,-8.80574
"00104","00345",6,10,15,15,1.51246,-8.80574
"00104","00346",6,10,15,15,2.12175,-3.67834
"00104","00347",6,10,15,15,2.12175,-3.67834
"00104","00348",6,10,15,15,2.12175,-3.67834
"00104","00349",6,10,15,15,2.12175,-3.67834
"00104","00350",6,10,15,15,-1.237,-1.42699
"00104","00351",6,10,15,15,-1.237,-1.42699
"00104","00352",6,10,15,15,-1.237,-1.42699
"00104","00353",6,10,15,15,-1.237,-1.42699
"00104","00354",6,10,15,15,3.365,-1.42699
"00104","00355",6,10,15,15,3.365,-1.42699
"00104","00356",6,10,15,15,3.365,-1.42699
"00104","00357",6,10,15,15,2.26645,-7.14104
"00104","00358",6,10,15,15,2.26645,-7.14104
"00104","00359",6,10,15,15,2.26645,-7.14104
"00104","00360",6,10,15,15,2.26645,-7.14104
"00104","00361",6,10,15,15,-0.0865,-3.71624
"00104","00362",6,10,15,15,-0.0865,-3.71624
"00104","00363",6,10,15,15,-0.0865,-3.71624
"00104","00364",6,10,15,15,-0.0865,-3.71624
"00104","00365",6,10,15,15,2.42468,-6.06392
"00104","00366",6,10,15,15,2.42468,-6.06392
"00104","00367",6,10,15,15,2.42468,-6.06392
"00104","00368",6,10,15,15,2.42468,-6.06392
"00104","00369",6,10,15,15,-1.237,-10.58401
"00104","00370",6,10,15,15,-1.237,-10.58401
"00104","00371",6,10,15,15,-1.237,-10.58401
"00104","00372",6,10,15,15,-1.237,-10.58401
"00104","00373",6,10,15,15,2.2145,-8.29476
"00104","00374",6,10,15,15,2.2145,-8.29476
"00104","00375",6,10,15,15,2.2145,-8.29476
"00104","00376",6,10,15,15,2.2145,-8.29476
"00104","00377",6,10,15,15,2.46414,-3.93394
"00104","00378",6,10,15,15,2.46414,-3.93394
"00104","00379",6,10,15,15,2.46414,-3.93394
"00104","00380",6,10,15,15,2.46414,-3.93394
"00104","00381",6,10,15,15,-0.45572,-6.78715
"00104","00382",6,10,15,15,-0.45572,-6.78715
"00104","00383",6,10,15,15,-0.45572,-6.78715
"00104","00384",6,10,15,15,-0.45572,-6.78715
"00104","00385",6,10,15,15,2.26645,-7.14104
"00104","00386",6,10,15,15,2.26645,-7.14104
"00104","00387",6,10,15,15,2.26645,-7.14104
"00104","00388",6,10,15,15,2.26645,-7.14104
"00104","00389",6,10,15,15,1.70278,-2.61864
"00104","00390",6,10,15,15,1.70278,-2.61864
"00104","00391",6,10,15,15,1.70278,-2.61864
"00104","00392",6,10,15,15,1.70278,-2.61864
"00104","00393",6,10,15,15,3.365,-6.0055
"00104","00394",6,10,15,15,3.365,-6.0055
"00104","00395",6,10,15,15,3.365,-6.0055
"00104","00396",6,10,15,15,3.365,-6.0055
"00104","00397",6,10,15,15,-0.50071,-4.49737
"00104","00398",6,10,15,15,-0.50071,-4.49737
"00104","00399",6,10,15,15,-0.50071,-4.49737
"00104","00400",6,10,15,15,-0.50071,-4.49737
"00104","00401",6,10,15,15,2.71507,-6.55727
"00104","00402",6,10,15,15,2.71507,-6.55727
"00104","00403",6,10,15,15,2.71507,-6.55727
"00104","00404",6,10,15,15,2.71507,-6.55727
"00104","00405",6,10,15,15,2.12175,-3.67834
"00104","00406",6,10,15,15,2.12175,-3.67834
"00104","00407",6,10,15,15,2.12175,-3.67834
"00104","00408",6,10,15,15,2.12175,-3.67834
"00104","00409",6,10,15,15,2.40571,-4.09591
"00104","00410",6,10,15,15,2.40571,-4.09591
"00104","00411",6,10,15,15,2.40571,-4.09591
"00104","00412",6,10,15,15,2.40571,-4.09591
"00104","00413",6,10,15,15,2.2145,-3.71624
"00104","00414",6,10,15,15,2.2145,-3.71624
"00104","00415",6,10,15,15,2.2145,-3.71624
"00104","00416",6,10,15,15,2.2145,-3.71624
"00104","00417",6,10,15,15,0.44539,-3.00011
"00104","00418",6,10,15,15,0.44539,-3.00011
"00104","00419",6,10,15,15,0.44539,-3.00011
"00104","00420",6,10,15,15,0.44539,-3.00011
"00104","00421",6,10,15,15,1.064,-6.0055
"00104","00422",6,10,15,15,1.064,-6.0055
"00104","00423",6,10,15,15,1.064,-6.0055
"00104","00424",6,10,15,15,1.064,-6.0055
"00104","00425",6,10,15,15,1.064,-10.58401
"00104","00426",6,10,15,15,1.064,-10.58401
"00104","00427",6,10,15,15,1.064,-10.58401
"00104","00428",6,10,15,15,1.064,-10.58401
"00104","00429",6,10,15,15,-0.0865,-8.29476
"00104","00430",6,10,15,15,-0.0865,-8.29476
"00104","00431",6,10,15,15,-0.0865,-8.29476
"00104","00432",6,10,15,15,-0.0865,-8.29476
"00104","00433",6,10,15,15,-1.18191,-4.35561
"00104","00434",6,10,15,15,-1.18191,-4.35561
"00104","00435",6,10,15,15,-1.18191,-4.35561
"00104","00436",6,10,15,15,-1.18191,-4.35561
"00104","00437",6,10,15,15,0.04476,-6.61108
"00104","00438",6,10,15,15,0.04476,-6.61108
"00104","00439",6,10,15,15,0.04476,-6.61108
"00104","00440",6,10,15,15,0.04476,-6.61108
"00104","00441",6,10,15,15,-1.1578,-4.06058
"00104","00442",6,10,15,15,-1.1578,-4.06058
"00104","00443",6,10,15,15,-1.1578,-4.06058
"00104","00444",6,10,15,15,-1.1578,-4.06058
"00104","00445",6,10,15,15,-1.237,-10.58401
"00104","00446",6,10,15,15,-1.237,-10.58401
"00104","00447",6,10,15,15,-1.237,-10.58401
"00104","00448",6,10,15,15,-1.237,-10.58401
"00104","00449",6,10,15,15,-1.237,-1.42699
"00104","00450",6,10,15,15,-1.237,-1.42699
"00104","00451",6,10,15,15,-1.237,-1.42699
"00104","00452",6,10,15,15,-1.237,-1.42699
"00104","00454",6,10,15,15,1.51246,-8.80574
"00104","00455",4,10,16,16,1.51246,-8.80574
"00104","00456",4,10,16,16,1.51246,-8.80574
"00104","00457",4,10,16,16,1.51246,-8.80574
"00104","00458",4,10,16,16,0.86858,-6.60684
"00104","00459",4,10,16,16,0.86858,-6.60684
"00104","00460",4,10,16,16,0.86858,-6.60684
"00104","00461",4,10,16,16,0.86858,-6.60684
"00104","00462",6,12,14,14,-0.0865,-3.71624
"00104","00463",6,12,14,14,-0.0865,-3.71624
"00104","00464",6,12,14,14,-0.0865,-3.71624
"00104","00465",6,12,14,14,-0.0865,-3.71624
"00104","00466",6,12,14,14,2.42468,-6.06392
"00104","00467",6,12,14,14,2.42468,-6.06392
"00104","00468",6,12,14,14,2.42468,-6.06392
"00104","00469",6,12,14,14,2.42468,-6.06392
"00104","00470",6,12,14,14,2.42468,-6.06392
"00104","00471",6,12,14,14,-1.237,-6.0055
"00104","00472",6,12,14,14,-1.237,-6.0055
"00104","00473",6,12,14,14,-1.237,-6.0055
"00104","00474",6,12,14,14,-1.237,-6.0055
"00104","00475",6,12,14,14,1.064,-1.42699
"00104","00476",6,12,14,14,1.064,-1.42699
"00104","00477",6,12,14,14,1.064,-1.42699
"00104","00478",6,12,14,14,1.064,-1.42699
"00104","00479",6,12,14,14,0.68004,-5.95398
"00104","00480",6,12,14,14,0.68004,-5.95398
"00104","00481",6,12,14,14,0.68004,-5.95398
"00104","00482",6,12,14,14,0.68004,-5.95398
"00104","00483",6,12,14,14,1.03779,-4.45114
"00104","00484",6,12,14,14,1.03779,-4.45114
"00104","00485",6,12,14,14,1.03779,-4.45114
"00104","00486",6,12,14,14,1.03779,-4.45114
"00104","00487",6,11,16,16,3.365,-1.42699
"00104","00488",6,11,16,16,3.365,-1.42699
"00104","00489",6,11,16,16,3.365,-1.42699
"00104","00490",6,11,16,16,3.365,-10.58401
"00104","00491",6,11,16,16,3.365,-10.58401
"00104","00492",6,11,16,16,3.365,-10.58401
"00104","00493",6,11,16,16,3.365,-10.58401
"00104","00494",13,6,13,13,-8.29476,-2.2145
"00104","00495",13,6,13,13,-8.29476,-2.2145
"00104","00496",13,7,13,13,-8.29476,-2.2145
"00104","00497",13,7,13,13,-8.29476,-2.2145
"00104","00498",13,7,13,13,-8.29476,-2.2145
"00104","00499",14,8,12,12,-1.77194,-1.43165
"00104","00500",14,8,12,12,-1.77194,-1.43165
"00104","00501",14,8,12,12,-1.77194,-1.43165
"00104","00502",14,8,12,12,-1.77194,-1.43165
"00104","00503",14,8,12,12,-4.16817,-1.07983
"00104","00504",14,8,12,12,-4.16817,-1.07983
"00104","00505",14,8,12,12,-4.16817,-1.07983
"00104","00506",14,8,12,12,-4.16817,-1.07983
"00104","00507",14,8,12,12,-1.51274,0.50081
"00104","00508",14,8,12,12,-1.51274,0.50081
"00104","00509",14,8,12,12,-1.51274,0.50081
"00104","00510",14,8,12,12,-1.51274,0.50081
"00104","00511",14,8,12,12,-6.0055,-3.365
"00104","00512",14,8,12,12,-6.0055,-3.365
"00104","00513",14,8,12,12,-6.0055,-3.365
"00104","00514",14,8,12,12,-6.0055,-3.365
"00104","00515",14,8,12,12,-6.0055,-3.365
"00104","00517",14,8,12,12,-10.58401,-3.365
"00104","00518",14,8,12,12,-10.58401,-3.365
"00104","00519",14,8,12,12,-10.58401,-3.365
"00104","00520",14,8,12,12,-10.58401,-3.365
"00104","00521",14,8,12,12,-2.5291,-2.28954
"00104","00522",14,8,12,12,-2.5291,-2.28954
"00104","00523",14,8,12,12,-2.5291,-2.28954
"00104","00524",14,8,12,12,-2.5291,-2.28954
"00104","00525",14,8,12,12,-6.68983,0.95387
"00104","00526",14,8,12,12,-6.68983,0.95387
"00104","00527",14,8,12,12,-6.68983,0.95387
"00104","00528",14,8,12,12,-6.68983,0.95387
"00104","00529",14,8,12,12,-6.0055,1.237
"00104","00530",14,8,12,12,-6.0055,1.237
"00104","00531",14,8,12,12,-6.0055,1.237
"00104","00532",14,8,12,12,-6.0055,1.237
"00104","00533",14,8,12,12,-9.78931,-1.91701
"00104","00534",14,8,12,12,-9.78931,-1.91701
"00104","00535",14,8,12,12,-9.78931,-1.91701
"00104","00536",14,8,12,12,-9.78931,-1.91701
"00104","00537",14,8,12,12,-3.71624,-2.2145
"00104","00538",14,8,12,12,-3.71624,-2.2145
"00104","00539",14,8,12,12,-3.71624,-2.2145
"00104","00540",14,8,12,12,-3.71624,-2.2145
"00104","00541",14,8,12,12,-6.0055,-1.064
"00104","00542",14,8,12,12,-6.0055,-1.064
"00104","00543",14,8,12,12,-6.0055,-1.064
"00104","00544",14,8,12,12,-6.0055,-1.064
"00104","00545",14,8,12,12,-8.54797,-3.31566
"00104","00546",14,8,12,12,-8.54797,-3.31566
"00104","00547",14,8,12,12,-8.54797,-3.31566
"00104","00548",14,8,12,12,-8.54797,-3.31566
"00104","00549",14,8,12,12,-4.88329,-2.19214
"00104","00550",14,8,12,12,-4.88329,-2.19214
"00104","00551",14,8,12,12,-4.88329,-2.19214
"00104","00552",14,8,12,12,-4.88329,-2.19214
"00104","00553",14,8,12,12,-4.69632,0.60125
"00104","00554",14,8,12,12,-4.69632,0.60125
"00104","00555",14,8,12,12,-4.69632,0.60125
"00104","00556",14,8,12,12,-4.69632,0.60125
"00104","00557",14,8,12,12,-9.19425,-0.0107
"00104","00558",14,8,12,12,-9.19425,-0.0107
"00104","00559",14,8,12,12,-9.19425,-0.0107
"00104","00560",14,8,12,12,-9.19425,-0.0107
"00104","00561",14,8,12,12,-6.62353,0.25596
"00104","00562",14,8,12,12,-6.62353,0.25596
"00104","00563",14,8,12,12,-6.62353,0.25596
"00104","00564",14,8,12,12,-6.62353,0.25596
"00104","00565",14,8,12,12,-1.42699,-3.365
"00104","00566",14,8,12,12,-1.42699,-3.365
"00104","00567",14,8,12,12,-1.42699,-3.365
"00104","00568",14,8,12,12,-1.42699,-3.365
"00104","00569",14,8,12,12,-8.23193,-0.04514
"00104","00570",14,8,12,12,-8.23193,-0.04514
"00104","00571",14,8,12,12,-8.23193,-0.04514
"00104","00572",14,8,12,12,-8.23193,-0.04514
"00104","00573",14,8,12,12,-8.29476,0.0865
"00104","00574",14,8,12,12,-8.29476,0.0865
"00104","00575",14,8,12,12,-8.29476,0.0865
"00104","00576",14,8,12,12,-8.29476,0.0865
"00104","00577",14,8,12,12,-8.29476,0.0865
"00104","00578",14,8,12,12,-10.58401,1.237
"00104","00579",14,8,12,12,-10.58401,1.237
"00104","00580",14,8,12,12,-10.58401,1.237
"00104","00581",14,8,12,12,-10.58401,1.237
"00104","00582",14,8,12,12,-4.674,0.45034
"00104","00583",14,8,12,12,-4.674,0.45034
"00104","00584",14,8,12,12,-4.674,0.45034
"00104","00585",14,8,12,12,-4.674,0.45034
"00104","00586",14,8,12,12,-10.58333,-0.99209
"00104","00587",14,8,12,12,-10.58333,-0.99209
"00104","00588",14,8,12,12,-10.58333,-0.99209
"00104","00589",14,8,12,12,-10.58333,-0.99209
"00104","00590",14,8,12,12,-5.98949,0.3381
"00104","00591",14,8,12,12,-5.98949,0.3381
"00104","00592",14,8,12,12,-5.98949,0.3381
"00104","00593",14,8,12,12,-5.98949,0.3381
"00104","00594",14,8,12,12,-5.98949,0.3381
"00104","00595",14,8,12,12,-5.84424,-0.0548
"00104","00596",14,8,12,12,-5.84424,-0.0548
"00104","00597",14,8,12,12,-5.84424,-0.0548
"00104","00598",14,8,12,12,-5.84424,-0.0548
"00104","00599",14,8,12,12,-5.84424,-0.0548
"00104","00600",14,8,12,12,-1.42699,-1.064
"00104","00601",14,8,12,12,-1.42699,-1.064
"00104","00602",14,8,12,12,-1.42699,-1.064
"00104","00603",14,8,12,12,-1.42699,-1.064
"00104","00604",14,8,12,12,-4.04402,0.98093
"00104","00605",14,8,12,12,-4.04402,0.98093
"00104","00606",14,8,12,12,-4.04402,0.98093
"00104","00607",14,8,12,12,-4.04402,0.98093
"00104","00608",14,8,12,12,-4.04402,0.98093
"00104","00609",14,8,12,12,-1.42699,1.237
"00104","00610",14,8,12,12,-1.42699,1.237
"00104","00611",14,8,12,12,-1.42699,1.237
"00104","00612",14,8,12,12,-1.42699,1.237
"00104","00613",14,8,12,12,-10.58401,-1.064
"00104","00614",14,8,12,12,-10.58401,-1.064
"00104","00615",14,8,12,12,-10.58401,-1.064
"00104","00616",14,8,12,12,-10.58401,-1.064
"00104","00617",14,8,12,12,-3.71624,0.0865
"00104","00618",14,8,12,12,-3.71624,0.0865
"00104","00619",14,8,12,12,-3.71624,0.0865
"00104","00620",14,8,12,12,-3.71624,0.0865
"00104","00621",14,8,12,12,-6.68983,0.95387
"00104","00622",14,8,12,12,-6.68983,0.95387
"00104","00623",14,8,12,12,-6.68983,0.95387
"00104","00624",14,8,12,12,-6.68983,0.95387
"00104","00625",14,8,12,12,-8.23193,-0.04514
"00104","00626",14,8,12,12,-8.23193,-0.04514
"00104","00627",14,8,12,12,-8.23193,-0.04514
"00104","00628",14,8,12,12,-1.42699,-1.064
"00104","00629",14,8,12,12,-1.42699,-1.064
"00104","00630",14,8,12,12,-1.42699,-1.064
"00104","00631",14,8,12,12,-10.58401,-1.064
"00104","00632",14,8,12,12,-10.58401,-1.064
"00104","00633",14,8,12,12,-10.58401,-1.064
"00104","00634",14,8,12,12,-10.58401,-1.064
"00104","00635",14,8,12,12,-2.5291,-2.28954
"00104","00636",14,8,12,12,-2.5291,-2.28954
"00104","00637",14,8,12,12,-2.5291,-2.28954
"00104","00638",14,8,12,12,-2.5291,-2.28954
"00104","00639",14,8,12,12,-8.29476,0.0865
"00104","00640",14,8,12,12,-8.29476,0.0865
"00104","00641",14,8,12,12,-8.29476,0.0865
"00104","00642",14,8,12,12,-8.29476,0.0865
"00104","00643",14,8,12,12,-8.29476,0.0865
"00104","00644",14,8,12,12,-4.04402,0.98093
"00104","00645",14,8,12,12,-4.04402,0.98093
"00104","00646",14,8,12,12,-4.04402,0.98093
"00104","00647",14,8,12,12,-1.77194,-1.43165
"00104","00648",14,8,12,12,-1.77194,-1.43165
"00104","00649",14,8,12,12,-1.77194,-1.43165
"00104","00650",14,8,12,12,-1.77194,-1.43165
"00104","00651",14,8,12,12,-1.77194,-1.43165
"00104","00652",14,8,12,12,-8.54797,-3.31566
"00104","00653",14,8,12,12,-8.54797,-3.31566
"00104","00654",14,8,12,12,-8.54797,-3.31566
"00104","00655",14,8,12,12,-8.54797,-3.31566
"00104","00656",14,8,12,12,-3.71624,0.0865
"00104","00657",14,8,12,12,-3.71624,0.0865
"00104","00658",14,8,12,12,-3.71624,0.0865
"00104","00659",14,8,12,12,-3.71624,0.0865
"00104","00660",14,8,12,12,-6.0055,1.237
"00104","00661",14,8,12,12,-6.0055,1.237
"00104","00662",14,8,12,12,-6.0055,1.237
"00104","00663",14,8,12,12,-6.0055,1.237
"00104","00664",14,8,12,12,-6.0055,1.237
"00104","00665",14,8,12,12,-8.29476,-2.2145
"00104","00666",14,8,12,12,-8.29476,-2.2145
"00104","00667",14,8,12,12,-8.29476,-2.2145
"00104","00668",14,8,12,12,-8.29476,-2.2145
"00104","00669",14,8,12,12,-6.62353,0.25596
"00104","00670",14,8,12,12,-6.62353,0.25596
"00104","00671",14,8,12,12,-6.62353,0.25596
"00104","00672",14,8,12,12,-6.62353,0.25596
"00104","00673",14,8,12,12,-1.51274,0.50081
"00104","00674",14,8,12,12,-1.51274,0.50081
"00104","00675",14,8,12,12,-1.51274,0.50081
"00104","00676",14,8,12,12,-1.51274,0.50081
"00104","00677",14,8,12,12,-10.58401,-3.365
"00104","00678",14,8,12,12,-10.58401,-3.365
"00104","00679",14,8,12,12,-10.58401,-3.365
"00104","00680",14,8,12,12,-10.58401,-3.365
"00104","00681",14,8,12,12,-4.88329,-2.19214
"00104","00682",14,8,12,12,-4.88329,-2.19214
"00104","00683",14,8,12,12,-4.88329,-2.19214
"00104","00684",14,8,12,12,-10.58401,1.237
"00104","00685",14,8,12,12,-10.58401,1.237
"00104","00686",14,8,12,12,-10.58401,1.237
"00104","00687",14,8,12,12,-10.58401,1.237
"00104","00688",14,8,12,12,-1.42699,1.237
"00104","00689",14,8,12,12,-1.42699,1.237
"00104","00690",14,8,12,12,-1.42699,1.237
"00104","00691",14,8,12,12,-1.42699,1.237
"00104","00692",15,8,11,11,-6.0055,-1.064
"00104","00693",15,8,11,11,-6.0055,-1.064
"00104","00694",15,8,11,11,-6.0055,-1.064
"00104","00695",15,8,11,11,-6.0055,-1.064
"00104","00696",15,8,11,11,-4.16817,-1.07983
"00104","00697",15,8,11,11,-4.16817,-1.07983
"00104","00698",15,8,11,11,-4.16817,-1.07983
"00104","00699",15,8,11,11,-4.16817,-1.07983
"00104","00700",15,8,11,11,-9.19425,-0.0107
"00104","00701",15,8,11,11,-9.19425,-0.0107
"00104","00702",14,8,12,12,-9.19425,-0.0107
"00104","00703",15,9,12,12,-9.19425,-0.0107
"00104","00704",15,9,12,12,-9.19425,-0.0107
"00104","00705",15,8,11,11,-4.674,0.45034
"00104","00706",15,8,11,11,-4.674,0.45034
"00104","00707",15,8,11,11,-4.674,0.45034
"00104","00708",15,8,11,11,-4.674,0.45034
"00104","00709",15,8,11,11,-5.98949,0.3381
"00104","00712",15,8,11,11,-5.98949,0.3381
"00104","00714",15,8,11,11,-4.69632,0.60125
"00104","00715",15,8,11,11,-4.69632,0.60125
"00104","00721",15,8,11,11,-3.71624,-2.2145
"00104","00722",15,8,11,11,-3.71624,-2.2145
"00104","00723",15,8,11,11,-3.71624,-2.2145
"00104","00724",15,8,11,11,-3.71624,-2.2145
"00104","00725",15,8,11,11,-3.71624,-2.2145
"00104","00727",15,8,11,11,-6.0055,-3.365
"00104","00729",15,8,11,11,-6.0055,-3.365
"00104","00731",15,8,11,11,-9.78931,-1.91701
"00104","00732",15,8,11,11,-9.78931,-1.91701
"00104","00733",15,8,11,11,-9.78931,-1.91701
"00104","00742",14,8,12,12,-10.58333,-0.99209
"00104","00746",14,8,12,12,-5.98949,0.3381
"00104","00748",14,8,12,12,-10.58401,-1.064
"00104","00750",14,8,12,12,-10.58401,-1.064
"00104","00751",14,8,12,12,-8.54797,-3.31566
"00104","00753",14,8,12,12,-8.54797,-3.31566
"00104","00754",14,8,12,12,-8.54797,-3.31566
"00104","00755",14,8,12,12,-8.54797,-3.31566
"00104","00756",14,8,12,12,-6.0055,1.237
"00104","00757",14,8,12,12,-6.0055,1.237
"00104","00758",14,8,12,12,-6.0055,1.237
"00104","00759",14,8,12,12,-6.0055,1.237
"00104","00760",14,8,12,12,-6.0055,1.237
"00104","00761",14,8,12,12,-9.19425,-0.0107
"00104","00762",14,8,12,12,-9.19425,-0.0107
"00104","00763",14,8,12,12,-9.19425,-0.0107
"00104","00764",14,8,12,12,-9.19425,-0.0107
"00104","00765",14,8,12,12,-3.71624,0.0865
"00104","00766",14,8,12,12,-3.71624,0.0865
"00104","00767",14,8,12,12,-3.71624,0.0865
"00104","00768",14,8,12,12,-3.71624,0.0865
"00104","00769",14,8,12,12,-6.68983,0.95387
"00104","00770",14,8,12,12,-6.68983,0.95387
"00104","00771",14,8,12,12,-6.68983,0.95387
"00104","00772",14,8,12,12,-6.68983,0.95387
"00104","00773",14,8,12,12,-1.42699,1.237
"00104","00774",14,8,12,12,-1.42699,1.237
"00104","00775",14,8,12,12,-1.42699,1.237
"00104","00776",14,8,12,12,-1.42699,1.237
"00104","00777",14,8,12,12,-4.69632,0.60125
"00104","00778",14,8,12,12,-4.69632,0.60125
"00104","00779",14,8,12,12,-4.69632,0.60125
"00104","00781",14,8,12,12,-6.0055,-1.064
"00104","00782",14,8,12,12,-6.0055,-1.064
"00104","00783",14,8,12,12,-6.0055,-1.064
"00104","00785",14,8,12,12,-10.58333,-0.99209
"00104","00787",14,8,12,12,-8.29476,0.0865
"00104","00788",14,8,12,12,-8.29476,0.0865
"00104","00789",14,8,12,12,-8.29476,0.0865
"00104","00792",14,8,12,12,-6.0055,-3.365
"00104","00793",14,8,12,12,-6.0055,-3.365
"00104","00795",14,8,12,12,-9.78931,-1.91701
"00104","00796",14,8,12,12,-9.78931,-1.91701
"00104","00798",14,8,12,12,-6.62353,0.25596
"00104","00799",14,8,12,12,-6.62353,0.25596
"00104","00800",14,8,12,12,-6.62353,0.25596
"00104","00801",14,8,12,12,-8.23193,-0.04514
"00104","00802",14,8,12,12,-8.23193,-0.04514
"00104","00803",14,8,12,12,-8.23193,-0.04514
"00104","00804",14,8,12,12,-8.23193,-0.04514
"00104","00805",14,8,12,12,-1.42699,-3.365
"00104","00806",14,8,12,12,-1.42699,-3.365
"00104","00807",14,8,12,12,-1.42699,-3.365
"00104","00809",14,8,12,12,-1.42699,-3.365
"00104","00810",14,8,12,12,-1.51274,0.50081
"00104","00811",14,8,12,12,-1.51274,0.50081
"00104","00812",14,8,12,12,-1.51274,0.50081
"00104","00813",14,8,12,12,-1.51274,0.50081
"00104","00814",14,8,12,12,-1.51274,0.50081
"00104","00815",14,8,12,12,-4.16817,-1.07983
"00104","00816",14,8,12,12,-4.16817,-1.07983
"00104","00817",14,8,12,12,-4.16817,-1.07983
"00104","00818",14,8,12,12,-4.16817,-1.07983
"00104","00819",14,8,12,12,-4.04402,0.98093
"00104","00820",14,8,12,12,-4.04402,0.98093
"00104","00821",14,8,12,12,-4.04402,0.98093
"00104","00822",14,8,12,12,-4.04402,0.98093
"00104","00823",14,8,12,12,-4.04402,0.98093
"00104","00824",14,8,12,12,-4.88329,-2.19214
"00104","00825",14,8,12,12,-4.88329,-2.19214
"00104","00826",14,8,12,12,-4.88329,-2.19214
"00104","00827",14,8,12,12,-4.88329,-2.19214
"00104","00828",14,8,12,12,-4.88329,-2.19214
"00104","00829",14,8,12,12,-4.674,0.45034
"00104","00830",14,8,12,12,-4.674,0.45034
"00104","00831",14,8,12,12,-4.674,0.45034
"00104","00832",14,8,12,12,-4.674,0.45034
"00104","00833",14,8,12,12,-4.674,0.45034
"00104","00834",14,8,12,12,-2.5291,-2.28954
"00104","00835",14,8,12,12,-2.5291,-2.28954
"00104","00836",14,8,12,12,-2.5291,-2.28954
"00104","00837",14,8,12,12,-2.5291,-2.28954
"00104","00838",14,8,12,12,-3.71624,-2.2145
"00104","00839",14,8,12,12,-3.71624,-2.2145
"00104","00840",14,8,12,12,-3.71624,-2.2145
"00104","00841",14,8,12,12,-1.42699,-1.064
"00104","00842",14,8,12,12,-1.42699,-1.064
"00104","00843",14,8,12,12,-1.42699,-1.064
"00104","00844",14,8,12,12,-1.42699,-1.064
"00104","00845",14,8,12,12,-8.29476,-2.2145
"00104","00846",14,8,12,12,-8.29476,-2.2145
"00104","00847",14,8,12,12,-8.29476,-2.2145
"00104","00848",14,8,12,12,-8.29476,-2.2145
"00104","00849",14,8,12,12,-1.77194,-1.43165
"00104","00850",14,8,12,12,-1.77194,-1.43165
"00104","00851",14,8,12,12,-1.77194,-1.43165
"00104","00852",14,8,12,12,-1.77194,-1.43165
"00104","00853",14,8,12,12,-10.58401,1.237
"00104","00855",14,8,12,12,-10.58401,1.237
"00104","00856",14,8,12,12,-10.58401,1.237
"00104","00857",14,8,12,12,-5.84424,-0.0548
"00104","00858",14,8,12,12,-5.84424,-0.0548
"00104","00859",14,8,12,12,-5.84424,-0.0548
"00104","00860",14,8,12,12,-5.84424,-0.0548
"00104","00861",14,8,12,12,-10.58401,-3.365
"00104","00862",14,8,12,12,-10.58401,-3.365
"00104","00863",14,8,12,12,-10.58401,-3.365
"00104","00864",14,8,12,12,-10.58401,-3.365
"00104","00865",14,8,12,12,-4.16817,-1.07983
"00104","00867",14,8,12,12,-4.16817,-1.07983
"00104","00868",14,8,12,12,-4.16817,-1.07983
"00104","00869",14,8,12,12,-8.54797,-3.31566
"00104","00870",14,8,12,12,-8.54797,-3.31566
"00104","00871",14,8,12,12,-8.54797,-3.31566
"00104","00872",14,8,12,12,-8.54797,-3.31566
"00104","00873",14,8,12,12,-1.42699,-1.064
"00104","00874",14,8,12,12,-1.42699,-1.064
"00104","00875",14,8,12,12,-1.42699,-1.064
"00104","00876",14,8,12,12,-1.42699,-1.064
"00104","00877",14,8,12,12,-10.58333,-0.99209
"00104","00878",14,8,12,12,-10.58333,-0.99209
"00104","00879",14,8,12,12,-10.58333,-0.99209
"00104","00880",14,8,12,12,-10.58333,-0.99209
"00104","00881",14,8,12,12,-3.71624,-2.2145
"00104","00882",14,8,12,12,-3.71624,-2.2145
"00104","00883",14,8,12,12,-3.71624,-2.2145
"00104","00884",14,8,12,12,-3.71624,-2.2145
"00104","00885",14,8,12,12,-1.77194,-1.43165
"00104","00886",14,8,12,12,-1.77194,-1.43165
"00104","00887",14,8,12,12,-1.77194,-1.43165
"00104","00889",14,8,12,12,-1.42699,1.237
"00104","00890",14,8,12,12,-1.42699,1.237
"00104","00891",14,8,12,12,-1.42699,1.237
"00104","00892",14,8,12,12,-1.42699,1.237
"00104","00893",14,8,12,12,-1.51274,0.50081
"00104","00894",14,8,12,12,-1.51274,0.50081
"00104","00895",14,8,12,12,-1.51274,0.50081
"00104","00897",14,8,12,12,-1.51274,0.50081
"00104","00898",14,8,12,12,-6.0055,-1.064
"00104","00900",14,8,12,12,-6.0055,-1.064
"00104","00901",14,8,12,12,-6.0055,-1.064
"00104","00902",14,8,12,12,-6.68983,0.95387
"00104","00903",14,8,12,12,-6.68983,0.95387
"00104","00904",14,8,12,12,-6.68983,0.95387
"00104","00905",14,8,12,12,-6.68983,0.95387
"00104","00906",14,8,12,12,-9.78931,-1.91701
"00104","00907",14,8,12,12,-9.78931,-1.91701
"00104","00908",14,8,12,12,-9.78931,-1.91701
"00104","00909",14,8,12,12,-9.78931,-1.91701
"00104","00914",14,8,12,12,-8.29476,-2.2145
"00104","00915",14,8,12,12,-8.29476,-2.2145
"00104","00916",14,8,12,12,-8.29476,-2.2145
"00104","00917",14,8,12,12,-8.29476,-2.2145
"00104","00918",14,8,12,12,-6.62353,0.25596
"00104","00921",14,8,12,12,-6.62353,0.25596
"00104","00922",14,8,12,12,-1.42699,-3.365
"00104","00923",14,8,12,12,-1.42699,-3.365
"00104","00926",14,8,12,12,-4.69632,0.60125
"00104","00928",14,8,12,12,-4.69632,0.60125
"00104","00930",14,8,12,12,-4.69632,0.60125
"00104","00932",14,8,12,12,-3.71624,0.0865
"00104","00933",14,8,12,12,-3.71624,0.0865
"00104","00934",14,8,12,12,-3.71624,0.0865
"00104","00939",14,8,12,12,-4.04402,0.98093
"00104","00940",14,8,12,12,-10.58401,-3.365
"00104","00941",14,8,12,12,-10.58401,-3.365
"00104","00942",14,8,12,12,-10.58401,-3.365
"00104","00943",14,8,12,12,-10.58401,-3.365
"00104","00944",14,8,12,12,-2.5291,-2.28954
"00104","00945",14,8,12,12,-2.5291,-2.28954
"00104","00946",14,8,12,12,-2.5291,-2.28954
"00104","00949",14,8,12,12,-4.674,0.45034
"00104","00950",14,8,12,12,-4.674,0.45034
"00104","00952",14,8,12,12,-8.29476,0.0865
"00104","00955",14,8,12,12,-8.29476,0.0865
"00104","00956",14,8,12,12,-5.84424,-0.0548
"00104","00957",14,8,12,12,-5.84424,-0.0548
"00104","00958",14,8,12,12,-5.84424,-0.0548
"00104","00959",14,8,12,12,-10.58401,1.237
"00104","00960",14,8,12,12,-10.58401,1.237
"00104","00961",14,8,12,12,-10.58401,1.237
"00104","00962",14,8,12,12,-5.98949,0.3381
"00104","00964",14,8,12,12,-5.98949,0.3381
"00104","00965",14,8,12,12,-5.98949,0.3381
"00104","00966",14,8,12,12,-4.88329,-2.19214
"00104","00967",14,8,12,12,-4.88329,-2.19214
"00104","00968",14,8,12,12,-4.88329,-2.19214
"00104","00969",14,8,12,12,-4.88329,-2.19214
"00104","00974",14,8,12,12,-6.0055,1.237
"00104","00975",14,8,12,12,-9.19425,-0.0107
"00104","00978",14,8,12,12,-9.19425,-0.0107
"00104","00979",14,8,12,12,-6.0055,-3.365
"00104","00980",14,8,12,12,-6.0055,-3.365
"00104","00981",14,8,12,12,-6.0055,-3.365
"00104","00982",14,8,12,12,-6.0055,-3.365
"00104","00983",14,8,12,12,-8.23193,-0.04514
"00104","00986",14,8,12,12,-8.23193,-0.04514
"00104","00987",1,8,13,13,8.29476,-0.0865
"00104","00988",1,8,13,13,8.29476,-0.0865
"00104","00989",1,8,13,13,8.29476,-0.0865
"00104","00990",1,9,13,13,8.29476,-0.0865
"00104","00991",2,9,13,13,4.45419,-0.70057
"00104","00992",2,9,13,13,4.45419,-0.70057
"00104","00993",2,9,13,13,4.45419,-0.70057
"00104","00994",2,9,13,13,4.45419,-0.70057
"00104","00995",2,9,13,13,4.45419,-0.70057
"00104","00996",2,9,13,13,1.42699,1.064
"00104","00997",2,9,13,13,1.42699,1.064
"00104","00998",2,9,13,13,1.42699,1.064
"00104","00999",2,9,13,13,1.42699,1.064
"00104","01000",4,8,11,11,10.58401,1.064
"00104","01001",4,8,11,11,10.58401,1.064
"00104","01002",4,8,11,11,10.58401,1.064
"00104","01003",4,8,11,11,10.58401,1.064
"00104","01004",4,7,11,11,6.0055,1.064
"00104","01005",4,7,11,11,6.0055,1.064
"00104","01006",4,7,11,11,6.0055,1.064
"00104","01007",4,7,11,11,6.0055,1.064
"00104","01008",4,7,11,11,6.0055,1.064
"00104","01009",4,9,11,11,2.39337,2.6274
"00104","01010",4,9,11,11,2.39337,2.6274
"00104","01011",4,9,11,11,2.39337,2.6274
"00104","01012",4,8,11,11,2.39337,2.6274
"00104","01013",4,8,11,11,8.2766,1.42361
"00104","01014",4,8,11,11,8.2766,1.42361
"00104","01015",4,8,11,11,8.2766,1.42361
"00104","01016",4,8,11,11,8.2766,1.42361
"00104","01017",4,8,11,11,4.21481,3.13759
"00104","01018",4,8,11,11,4.21481,3.13759
"00104","01019",4,8,11,11,4.21481,3.13759
"00104","01020",4,8,11,11,4.21481,3.13759
"00104","01021",4,8,11,11,5.74603,2.23294
"00104","01022",4,8,11,11,5.74603,2.23294
"00104","01023",4,8,11,11,5.74603,2.23294
"00104","01024",4,8,11,11,5.74603,2.23294
"00104","01025",4,8,11,11,6.0055,-1.237
"00104","01026",4,8,11,11,6.0055,-1.237
"00104","01027",4,8,11,11,6.0055,-1.237
"00104","01028",4,8,11,11,6.0055,-1.237
"00104","01029",4,8,11,11,6.0055,-1.237
"00104","01030",2,6,15,15,2.12278,0.79696
"00104","01031",2,6,15,15,2.12278,0.79696
"00104","01033",2,6,15,15,2.12278,0.79696
"00104","01034",2,7,15,15,10.4938,1.47694
"00104","01035",2,7,15,15,10.4938,1.47694
"00104","01036",2,7,15,15,10.4938,1.47694
"00104","01037",2,7,15,15,10.4938,1.47694
"00104","01038",2,7,15,15,9.62818,2.76452
"00104","01039",2,7,15,15,9.62818,2.76452
"00104","01040",2,7,15,15,9.62818,2.76452
"00104","01041",2,7,15,15,9.62818,2.76452
"00104","01042",2,7,15,15,5.94037,0.62774
"00104","01043",2,7,15,15,5.94037,0.62774
"00104","01044",2,7,15,15,5.94037,0.62774
"00104","01045",2,7,15,15,5.94037,0.62774
"00104","01046",3,8,13,13,4.56128,1.32269
"00104","01047",3,8,13,13,4.56128,1.32269
"00104","01048",3,8,13,13,4.56128,1.32269
"00104","01049",3,8,13,13,4.56128,1.32269
"00104","01050",3,8,13,13,6.53903,-0.23019
"00104","01051",3,8,13,13,6.53903,-0.23019
"00104","01052",3,8,13,13,6.53903,-0.23019
"00104","01053",3,8,13,13,6.53903,-0.23019
"00104","01054",3,8,13,13,2.31056,2.54454
"00104","01055",3,8,13,13,2.31056,2.54454
"00104","01056",3,8,13,13,2.31056,2.54454
"00104","01057",3,8,13,13,2.31056,2.54454
"00104","01058",4,9,10,10,3.56958,2.07305
"00104","01059",4,9,10,10,3.56958,2.07305
"00104","01060",4,9,10,10,3.56958,2.07305
"00104","01061",4,9,10,10,3.56958,2.07305
"00104","01062",4,9,10,10,10.58401,3.365
"00104","01063",4,9,10,10,10.58401,3.365
"00104","01064",4,9,10,10,10.58401,3.365
"00104","01065",4,9,10,10,10.58401,3.365
"00104","01066",4,9,10,10,4.92941,0.86737
"00104","01067",4,9,10,10,4.92941,0.86737
"00104","01068",4,9,10,10,4.92941,0.86737
"00104","01069",4,9,10,10,4.92941,0.86737
"00104","01070",4,9,10,10,4.92941,0.86737
"00104","01071",4,9,10,10,6.84881,-1.21479
"00104","01072",4,9,10,10,6.84881,-1.21479
"00104","01073",4,9,10,10,6.84881,-1.21479
"00104","01074",4,9,10,10,6.84881,-1.21479
"00104","01075",4,9,10,10,6.0055,3.365
"00104","01076",4,9,10,10,6.0055,3.365
"00104","01077",4,9,10,10,6.0055,3.365
"00104","01078",4,9,10,10,6.0055,3.365
"00104","01079",4,9,10,10,3.71624,2.2145
"00104","01080",4,9,10,10,3.71624,2.2145
"00104","01081",4,9,10,10,3.71624,2.2145
"00104","01082",4,9,10,10,3.71624,2.2145
"00104","01083",4,9,10,10,1.42699,-1.237
"00104","01084",4,9,10,10,1.42699,-1.237
"00104","01085",4,9,10,10,1.42699,-1.237
"00104","01086",4,9,10,10,1.42699,-1.237
"00104","01087",4,9,10,10,3.71624,-0.0865
"00104","01088",4,9,10,10,3.71624,-0.0865
"00104","01089",4,9,10,10,3.71624,-0.0865
"00104","01090",4,9,10,10,3.71624,-0.0865
"00104","01091",4,9,10,10,3.71624,-0.0865
"00104","01092",4,9,10,10,6.69268,-1.02022
"00104","01093",4,9,10,10,6.69268,-1.02022
"00104","01094",4,9,10,10,6.69268,-1.02022
"00104","01095",4,9,10,10,6.69268,-1.02022
"00104","01097",4,9,10,10,1.42699,3.365
"00104","01098",4,9,10,10,1.42699,3.365
"00104","01099",4,9,10,10,1.42699,3.365
"00104","01100",4,9,10,10,8.29476,2.2145
"00104","01101",4,9,10,10,8.29476,2.2145
"00104","01102",4,9,10,10,8.29476,2.2145
"00104","01103",4,9,10,10,8.29476,2.2145
"00104","01104",4,9,10,10,10.24142,1.76071
"00104","01105",4,9,10,10,10.24142,1.76071
"00104","01106",4,9,10,10,10.24142,1.76071
"00104","01107",4,9,10,10,10.24142,1.76071
"00104","01108",4,9,10,10,10.58401,-1.237
"00104","01109",4,9,10,10,10.58401,-1.237
"00104","01110",4,9,10,10,10.58401,-1.237
"00104","01111",4,9,10,10,10.58401,-1.237
"00104","01112",4,9,10,10,10.4938,1.47694
"00104","01113",4,9,10,10,10.4938,1.47694
"00104","01114",4,9,10,10,10.4938,1.47694
"00104","01115",4,9,10,10,10.4938,1.47694
"00104","01116",4,9,10,10,2.39337,2.6274
"00104","01117",4,9,10,10,2.39337,2.6274
"00104","01118",4,9,10,10,2.39337,2.6274
"00104","01119",4,9,10,10,2.39337,2.6274
"00104","01120",4,9,10,10,10.24142,1.76071
"00104","01121",4,9,10,10,10.24142,1.76071
"00104","01122",4,9,10,10,10.24142,1.76071
"00104","01123",4,9,10,10,10.24142,1.76071
"00104","01124",2,7,14,14,6.0055,1.064
"00104","01125",2,7,14,14,6.0055,1.064
"00104","01126",2,7,14,14,6.0055,1.064
"00104","01127",2,7,14,14,6.0055,1.064
"00104","01128",2,7,14,14,6.0055,1.064
"00104","01129",2,7,14,14,1.42699,1.064
"00104","01130",2,7,14,14,1.42699,1.064
"00104","01131",2,7,14,14,1.42699,1.064
"00104","01132",2,7,14,14,1.42699,1.064
"00104","01133",2,7,14,14,5.74603,2.23294
"00104","01134",2,7,14,14,5.74603,2.23294
"00104","01135",2,7,14,14,5.74603,2.23294
"00104","01136",2,7,14,14,5.74603,2.23294
"00104","01137",2,7,14,14,4.92941,0.86737
"00104","01138",2,7,14,14,4.92941,0.86737
"00104","01139",2,7,14,14,4.92941,0.86737
"00104","01140",2,7,14,14,4.92941,0.86737
"00104","01141",2,7,14,14,2.12278,0.79696
"00104","01142",2,7,14,14,2.12278,0.79696
"00104","01143",2,7,14,14,2.12278,0.79696
"00104","01144",2,7,14,14,2.12278,0.79696
"00104","01145",2,7,14,14,4.45419,-0.70057
"00104","01146",2,7,14,14,4.45419,-0.70057
"00104","01147",2,7,14,14,4.45419,-0.70057
"00104","01148",2,7,14,14,4.45419,-0.70057
"00104","01149",3,11,11,11,5.94037,0.62774
"00104","01150",3,11,10,10,5.94037,0.62774
"00104","01151",2,11,11,11,5.94037,0.62774
"00104","01152",4,10,12,12,1.42699,3.365
"00104","01153",4,10,12,12,1.42699,3.365
"00104","01154",4,10,12,12,1.42699,3.365
"00104","01155",4,10,12,12,1.42699,3.365
"00104","01156",3,7,12,12,6.53903,-0.23019
"00104","01157",3,7,12,12,6.53903,-0.23019
"00104","01158",3,7,12,12,6.53903,-0.23019
"00104","01159",3,7,12,12,6.53903,-0.23019
"00104","01160",3,7,12,12,6.53903,-0.23019
"00104","01161",3,7,12,12,6.69268,-1.02022
"00104","01162",3,7,12,12,6.69268,-1.02022
"00104","01163",3,7,12,12,6.69268,-1.02022
"00104","01164",3,7,12,12,6.69268,-1.02022
"00104","01165",3,7,12,12,6.69268,-1.02022
"00104","01166",3,7,10,10,4.56128,1.32269
"00104","01167",3,7,10,10,4.56128,1.32269
"00104","01168",3,7,10,10,4.56128,1.32269
"00104","01169",3,7,10,10,4.56128,1.32269
"00104","01170",3,7,10,10,10.58401,3.365
"00104","01171",3,7,10,10,10.58401,3.365
"00104","01172",3,7,10,10,10.58401,3.365
"00104","01173",3,7,10,10,10.58401,3.365
"00104","01174",3,7,10,10,10.58401,3.365
"00104","01175",3,7,10,10,8.29476,2.2145
"00104","01176",3,7,10,10,8.29476,2.2145
"00104","01177",3,7,10,10,8.29476,2.2145
"00104","01178",3,7,10,10,8.29476,2.2145
"00104","01179",3,6,12,12,9.62818,2.76452
"00104","01180",3,6,12,12,9.62818,2.76452
"00104","01181",3,6,12,12,9.62818,2.76452
"00104","01182",3,6,12,12,9.62818,2.76452
"00104","01183",3,6,12,12,3.56958,2.07305
"00104","01184",3,6,12,12,3.56958,2.07305
"00104","01185",3,6,12,12,3.56958,2.07305
"00104","01186",3,6,12,12,3.56958,2.07305
"00104","01187",3,6,12,12,3.71624,-0.0865
"00104","01188",3,6,12,12,3.71624,-0.0865
"00104","01189",3,6,12,12,3.71624,-0.0865
"00104","01190",3,6,12,12,3.71624,-0.0865
"00104","01191",3,6,12,12,3.71624,-0.0865
"00104","01192",3,6,12,12,10.58401,1.064
"00104","01193",3,6,12,12,10.58401,1.064
"00104","01194",3,6,12,12,10.58401,1.064
"00104","01195",3,6,12,12,10.58401,1.064
"00104","01196",3,6,12,12,6.0055,3.365
"00104","01197",3,6,12,12,6.0055,3.365
"00104","01198",3,6,12,12,6.0055,3.365
"00104","01199",3,6,12,12,6.0055,3.365
"00104","01200",3,6,12,12,6.0055,-1.237
"00104","01201",3,6,12,12,6.0055,-1.237
"00104","01202",3,6,12,12,6.0055,-1.237
"00104","01203",3,6,12,12,6.0055,-1.237
"00104","01204",3,6,12,12,2.31056,2.54454
"00104","01205",3,6,12,12,2.31056,2.54454
"00104","01206",3,6,12,12,2.31056,2.54454
"00104","01207",3,6,12,12,2.31056,2.54454
"00104","01208",3,6,12,12,8.29476,-0.0865
"00104","01209",3,6,12,12,8.29476,-0.0865
"00104","01210",3,6,12,12,8.29476,-0.0865
"00104","01211",3,6,12,12,8.29476,-0.0865
"00104","01212",3,6,12,12,8.29476,-0.0865
"00104","01213",3,6,12,12,6.84881,-1.21479
"00104","01214",3,6,12,12,6.84881,-1.21479
"00104","01215",3,6,12,12,6.84881,-1.21479
"00104","01216",3,6,12,12,6.84881,-1.21479
"00104","01217",3,6,12,12,4.21481,3.13759
"00104","01218",3,6,12,12,4.21481,3.13759
"00104","01219",3,6,12,12,4.21481,3.13759
"00104","01220",3,6,12,12,4.21481,3.13759
"00104","01221",3,6,12,12,8.2766,1.42361
"00104","01222",3,6,12,12,8.2766,1.42361
"00104","01223",3,6,12,12,8.2766,1.42361
"00104","01224",3,6,12,12,8.2766,1.42361
"00104","01225",3,6,12,12,10.58401,-1.237
"00104","01226",3,6,12,12,10.58401,-1.237
"00104","01227",3,6,12,12,10.58401,-1.237
"00104","01228",3,6,12,12,10.58401,-1.237
"00104","01229",3,6,12,12,1.42699,-1.237
"00104","01230",3,6,12,12,1.42699,-1.237
"00104","01231",3,6,12,12,1.42699,-1.237
"00104","01232",3,6,12,12,1.42699,-1.237
"00104","01233",3,6,12,12,3.71624,2.2145
"00104","01234",3,6,12,12,3.71624,2.2145
"00104","01235",3,6,12,12,4.45419,-0.70057
"00104","01236",2,5,13,13,4.45419,-0.70057
"00104","01237",1,5,14,14,4.45419,-0.70057
"00104","01238",0,4,14,14,4.45419,-0.70057
"00104","01239",0,4,14,14,4.45419,-0.70057
"00104","01240",0,5,15,15,1.42699,3.365
"00104","01241",0,5,15,15,1.42699,3.365
"00104","01242",0,5,15,15,1.42699,3.365
"00104","01243",0,5,15,15,1.42699,3.365
"00104","01244",5,7,11,11,9.62818,2.76452
"00104","01245",5,7,11,11,9.62818,2.76452
"00104","01246",5,7,11,11,9.62818,2.76452
"00104","01247",5,7,11,11,9.62818,2.76452
"00104","01248",5,7,11,11,10.58401,-1.237
"00104","01249",5,7,11,11,10.58401,-1.237
"00104","01250",5,7,11,11,10.58401,-1.237
"00104","01251",5,7,11,11,10.58401,-1.237
"00104","01252",5,7,11,11,10.58401,-1.237
"00104","01253",5,7,11,11,6.84881,-1.21479
"00104","01254",5,7,11,11,6.84881,-1.21479
"00104","01255",5,7,11,11,6.84881,-1.21479
"00104","01256",5,7,11,11,6.84881,-1.21479
"00104","01257",5,7,11,11,8.2766,1.42361
"00104","01258",5,7,11,11,8.2766,1.42361
"00104","01259",5,7,11,11,8.2766,1.42361
"00104","01260",5,7,11,11,8.2766,1.42361
"00104","01261",5,7,11,11,3.56958,2.07305
"00104","01262",5,7,11,11,3.56958,2.07305
"00104","01263",5,7,11,11,3.56958,2.07305
"00104","01264",5,7,11,11,4.21481,3.13759
"00104","01265",5,7,11,11,4.21481,3.13759
"00104","01266",5,7,11,11,4.21481,3.13759
"00104","01267",5,7,11,11,4.21481,3.13759
"00104","01268",5,7,11,11,10.24142,1.76071
"00104","01269",5,7,11,11,10.24142,1.76071
"00104","01270",5,7,11,11,10.24142,1.76071
"00104","01271",5,7,11,11,10.24142,1.76071
"00104","01272",5,7,11,11,6.0055,-1.237
"00104","01273",5,7,11,11,6.0055,-1.237
"00104","01274",5,7,11,11,6.0055,-1.237
"00104","01275",5,7,11,11,6.0055,-1.237
"00104","01276",5,7,11,11,6.0055,1.064
"00104","01277",5,7,11,11,6.0055,1.064
"00104","01278",5,7,11,11,6.0055,1.064
"00104","01279",5,7,11,11,6.0055,1.064
"00104","01280",5,7,11,11,1.42699,-1.237
"00104","01281",5,7,11,11,1.42699,-1.237
"00104","01282",5,7,11,11,1.42699,-1.237
"00104","01283",5,7,11,11,1.42699,-1.237
"00104","01284",5,7,11,11,5.74603,2.23294
"00104","01285",5,7,11,11,5.74603,2.23294
"00104","01286",5,7,11,11,5.74603,2.23294
"00104","01287",5,7,11,11,5.74603,2.23294
"00104","01288",5,7,11,11,6.53903,-0.23019
"00104","01289",5,7,11,11,6.53903,-0.23019
"00104","01290",5,7,11,11,6.53903,-0.23019
"00104","01291",5,7,11,11,6.53903,-0.23019
"00104","01292",5,7,11,11,3.71624,-0.0865
"00104","01293",5,7,11,11,3.71624,-0.0865
"00104","01294",5,7,11,11,3.71624,-0.0865
"00104","01295",5,7,11,11,3.71624,-0.0865
"00104","01296",5,7,11,11,4.92941,0.86737
"00104","01297",5,7,11,11,4.92941,0.86737
"00104","01298",5,7,11,11,4.92941,0.86737
"00104","01299",5,7,11,11,4.92941,0.86737
"00104","01300",5,7,11,11,8.29476,2.2145
"00104","01301",5,7,11,11,8.29476,2.2145
"00104","01302",5,7,11,11,8.29476,2.2145
"00104","01303",5,7,11,11,8.29476,2.2145
"00104","01304",5,7,11,11,6.0055,3.365
"00104","01305",5,7,11,11,6.0055,3.365
"00104","01306",5,7,11,11,6.0055,3.365
"00104","01307",5,7,11,11,6.0055,3.365
"00104","01308",5,7,11,11,10.4938,1.47694
"00104","01309",5,7,11,11,10.4938,1.47694
"00104","01310",5,7,11,11,10.4938,1.47694
"00104","01311",5,7,11,11,10.4938,1.47694
"00104","01312",5,7,11,11,10.58401,3.365
"00104","01313",5,7,11,11,10.58401,3.365
"00104","01314",5,7,11,11,10.58401,3.365
"00104","01315",5,7,11,11,10.58401,3.365
"00104","01316",5,7,11,11,10.58401,3.365
"00104","01317",5,7,11,11,8.29476,-0.0865
"00104","01318",5,7,11,11,8.29476,-0.0865
"00104","01319",5,7,11,11,8.29476,-0.0865
"00104","01320",5,7,11,11,8.29476,-0.0865
"00104","01321",5,7,11,11,1.42699,1.064
"00104","01322",5,7,11,11,1.42699,1.064
"00104","01323",5,7,11,11,1.42699,1.064
"00104","01324",5,7,11,11,1.42699,1.064
"00104","01325",4,7,10,10,5.94037,0.62774
"00104","01326",4,7,10,10,5.94037,0.62774
"00104","01327",4,7,10,10,5.94037,0.62774
"00104","01328",4,7,10,10,5.94037,0.62774
"00104","01329",4,7,10,10,2.39337,2.6274
"00104","01330",4,7,10,10,2.39337,2.6274
"00104","01331",4,7,10,10,2.39337,2.6274
"00104","01332",4,7,10,10,2.39337,2.6274
"00104","01333",4,7,10,10,3.71624,2.2145
"00104","01334",4,7,10,10,3.71624,2.2145
"00104","01335",4,7,10,10,3.71624,2.2145
"00104","01336",4,7,10,10,3.71624,2.2145
"00104","01337",4,7,10,10,2.12278,0.79696
"00104","01338",4,7,10,10,2.12278,0.79696
"00104","01339",4,7,10,10,2.12278,0.79696
"00104","01340",4,7,10,10,2.12278,0.79696
"00104","01341",4,7,10,10,4.56128,1.32269
"00104","01342",4,7,10,10,4.56128,1.32269
"00104","01343",4,7,10,10,4.56128,1.32269
"00104","01344",4,7,10,10,4.56128,1.32269
"00104","01345",4,7,10,10,10.58401,1.064
"00104","01346",4,7,10,10,10.58401,1.064
"00104","01347",4,7,10,10,10.58401,1.064
"00104","01348",4,7,10,10,10.58401,1.064
"00104","01349",4,7,10,10,2.31056,2.54454
"00104","01350",4,7,10,10,2.31056,2.54454
"00104","01351",4,7,10,10,2.31056,2.54454
"00104","01352",4,7,10,10,2.31056,2.54454
"00104","01353",4,7,10,10,6.69268,-1.02022
"00104","01354",4,7,10,10,6.69268,-1.02022
"00104","01355",4,7,10,10,6.69268,-1.02022
"00104","01356",4,7,10,10,6.69268,-1.02022
"00104","01357",4,7,10,10,5.74603,2.23294
"00104","01358",4,7,10,10,5.74603,2.23294
"00104","01359",4,7,10,10,5.74603,2.23294
"00104","01360",4,7,10,10,5.74603,2.23294
"00104","01361",4,7,10,10,5.74603,2.23294
"00104","01362",4,6,12,12,8.2766,1.42361
"00104","01363",4,6,12,12,8.2766,1.42361
"00104","01364",4,6,12,12,8.2766,1.42361
"00104","01365",4,6,12,12,8.2766,1.42361
"00104","01366",4,6,12,12,10.58401,3.365
"00104","01367",4,6,12,12,10.58401,3.365
"00104","01368",4,6,12,12,10.58401,3.365
"00104","01369",4,6,12,12,10.58401,3.365
"00104","01370",4,6,12,12,10.24142,1.76071
"00104","01371",4,6,12,12,10.24142,1.76071
"00104","01372",4,6,12,12,10.24142,1.76071
"00104","01373",4,6,12,12,10.24142,1.76071
"00104","01374",4,6,12,12,10.58401,1.064
"00104","01375",4,6,12,12,10.58401,1.064
"00104","01376",4,6,12,12,10.58401,1.064
"00104","01377",4,6,12,12,10.58401,1.064
"00104","01378",4,7,10,10,6.0055,1.064
"00104","01380",4,7,10,10,6.0055,1.064
"00104","01381",4,7,10,10,6.0055,1.064
"00104","01384",3,7,10,10,3.71624,2.2145
"00104","01385",3,7,10,10,3.71624,2.2145
"00104","01386",3,7,10,10,4.92941,0.86737
"00104","01388",3,7,10,10,4.92941,0.86737
"00104","01389",3,7,10,10,4.92941,0.86737
"00104","01390",3,7,10,10,3.71624,-0.0865
"00104","01391",3,7,10,10,3.71624,-0.0865
"00104","01392",3,7,10,10,3.71624,-0.0865
"00104","01395",3,7,10,10,1.42699,-1.237
"00104","01396",3,7,10,10,1.42699,-1.237
"00104","01397",3,7,10,10,1.42699,-1.237
"00104","01398",4,8,11,11,10.4938,1.47694
"00104","01399",4,8,11,11,10.4938,1.47694
"00104","01402",4,7,10,10,8.29476,-0.0865
"00104","01403",4,7,10,10,8.29476,-0.0865
"00104","01404",4,7,10,10,8.29476,-0.0865
"00104","01405",4,7,10,10,8.29476,-0.0865
"00104","01406",4,6,11,11,8.29476,-0.0865
"00104","01407",4,9,10,10,6.0055,3.365
"00104","01409",4,9,10,10,6.0055,3.365
"00104","01410",4,9,10,10,6.0055,3.365
"00104","01411",5,8,10,10,6.0055,-1.237
"00104","01412",5,8,10,10,6.0055,-1.237
"00104","01413",5,8,10,10,6.0055,-1.237
"00104","01415",4,7,10,10,10.58401,-1.237
"00104","01416",4,7,10,10,10.58401,-1.237
"00104","01417",4,7,10,10,10.58401,-1.237
"00104","01418",4,7,10,10,10.58401,-1.237
"00104","01419",4,8,10,10,1.42699,1.064
"00104","01420",4,8,10,10,1.42699,1.064
"00104","01421",4,8,10,10,1.42699,1.064
"00104","01422",4,8,10,10,1.42699,1.064
"00104","01423",4,7,13,13,1.42699,3.365
"00104","01424",4,7,13,13,1.42699,3.365
"00104","01425",4,7,13,13,1.42699,3.365
"00104","01426",4,7,13,13,1.42699,3.365
"00104","01427",4,7,13,13,1.42699,3.365
"00104","01428",5,7,10,10,8.29476,2.2145
"00104","01429",5,7,10,10,8.29476,2.2145
"00104","01430",5,7,10,10,8.29476,2.2145
"00104","01435",4,7,11,11,6.84881,-1.21479
"00104","01438",3,7,12,12,6.53903,-0.23019
"00104","01439",3,7,12,12,6.53903,-0.23019
"00104","01447",5,7,10,10,2.31056,2.54454
"00104","01448",5,7,10,10,2.31056,2.54454
"00104","01449",5,7,10,10,2.31056,2.54454
"00104","01450",5,7,10,10,4.56128,1.32269
"00104","01451",5,7,10,10,4.56128,1.32269
"00104","01452",5,7,10,10,4.56128,1.32269
"00104","01453",5,7,10,10,4.56128,1.32269
"00104","01458",4,7,11,11,5.94037,0.62774
"00104","01459",4,7,11,11,5.94037,0.62774
"00104","01460",4,7,11,11,5.94037,0.62774
"00104","01461",4,7,11,11,5.94037,0.62774
"00104","01462",4,7,11,11,4.45419,-0.70057
"00104","01463",4,7,11,11,4.45419,-0.70057
"00104","01464",4,7,11,11,4.45419,-0.70057
"00104","01465",4,7,11,11,4.45419,-0.70057
"00104","01466",5,8,10,10,6.69268,-1.02022
"00104","01468",5,8,10,10,6.69268,-1.02022
"00104","01472",5,8,10,10,2.12278,0.79696
"00104","01474",5,8,10,10,2.12278,0.79696
"00104","01475",5,8,10,10,9.62818,2.76452
"00104","01479",4,7,9,9,3.56958,2.07305
"00104","01480",4,7,9,9,3.56958,2.07305
"00104","01481",4,7,9,9,3.56958,2.07305
"00104","01482",4,7,9,9,3.56958,2.07305
"00114","00169",7,16,9,9,-1.04221,-9.35646
"00114","00171",9,18,7,7,-0.08244,-5.62849
"00114","00499",11,8,11,11,-2.04363,-0.99244
